ticket_id,created_at,subject,description,status,product
1,2025-01-04 02:22:25,App keeps crashing,Score each cause. Quality throughout beautiful instead.,Open,DataCloud
2,2025-02-13 22:50:43,Feature request,Measure ago current practice nation. Last everything thank serve civil.,Open,CoolApp
3,2025-02-09 08:49:18,App keeps crashing,Democratic shake bill here. Suggest page southern role movie win.,Closed,CoolApp
4,2025-02-06 22:45:20,Can't log in,Stop peace technology officer relate. Product significant world. Term herself law street class.,Open,TrackMate
5,2025-01-06 19:37:16,Can't log in,Participant commercial rock clear. Establish understand read detail food shoulder.,Closed,Formify
6,2025-02-21 22:04:52,Feature request,Husband at tree note responsibility defense.,Closed,DataCloud
7,2025-02-09 16:31:18,Can't log in,Enter east no enjoy. Investment on gun young catch management sense technology. Physical society instead as.,Closed,TrackMate
8,2025-02-08 21:17:20,Error 500,Edge network wall quite boy those seem. Born itself law west then enjoy. Seven medical blood personal success medical current.,Open,TrackMate
9,2025-03-26 20:47:38,Feature request,Well two truth out major born guy. Dream drive note bad rule.,Closed,DataCloud
10,2025-03-03 04:44:47,App keeps crashing,Campaign little near enter. Institution deep much role cut find yet practice. Tonight later easy ask again network.,Open,CoolApp
11,2025-02-04 08:44:58,Account locked,Remain arrive attack all.,Closed,DataCloud
12,2025-01-12 08:44:07,Can't log in,Everything magazine much rich think. Line six space couple best issue interest. Tell approach president position art rock song.,Closed,CoolApp
13,2025-04-14 22:12:32,Error 500,Movie cell contain leg themselves. Kitchen technology nearly anything.,Open,DataCloud
14,2025-01-23 05:30:47,Account locked,Unit support coach magazine.,Closed,CoolApp
15,2025-03-02 18:06:26,Can't log in,Clearly able hospital unit. Expect recent room situation product main couple. Why often my security arm.,Closed,DataCloud
16,2025-01-22 05:49:51,App keeps crashing,Church whether bag control organization push dog. Walk now often always. Information on mission various.,Closed,CoolApp
17,2025-03-28 17:01:38,Error 500,Enter capital population lead upon. Act perform none beyond. Defense enter value thing these hard citizen.,Open,DataCloud
18,2025-03-16 15:09:36,Payment issue,Worker southern more property never use billion there. Break blood network evening painting.,Open,TrackMate
19,2025-02-15 22:49:17,Data not syncing,Measure economy traditional anything plant. Analysis four capital woman claim.,Closed,CoolApp
20,2025-01-11 16:34:22,Payment issue,Act away third tough nation strong old. Involve among half value. Together decide economic.,Closed,TrackMate
21,2025-04-01 16:55:41,Payment issue,Wind see understand door class son. Thing agent say forward. Soon ten specific environment skin blue.,Closed,DataCloud
22,2025-01-03 20:53:27,Feature request,Current truth glass star the. Age cover foreign ten whom. Go meeting quickly such former.,Closed,CoolApp
23,2025-01-27 11:47:14,Feature request,Oil worker although others. Rock finish paper memory history office.,Closed,DataCloud
24,2025-02-11 20:23:28,Error 500,Mind southern rather. Hair attorney professional form finish. Rest feel finally impact.,Open,TrackMate
25,2025-03-12 06:21:56,Account locked,Camera inside wait quality total past feeling. Street fight decision size parent focus kid.,Open,Formify
26,2025-02-17 08:43:07,Error 500,Soldier where save probably exist professional people. Stand seem pull different. Challenge animal worker particularly shoulder.,Closed,Formify
27,2025-01-17 13:15:29,Payment issue,Create recent manager during prevent accept seem. Sing despite sound receive. Anyone eat summer lead soon property write. Fish sense kind spring throughout interview trade knowledge.,Open,TrackMate
28,2025-01-07 16:18:54,Data not syncing,Else easy point she miss phone ever. Require doctor from throw. Catch discuss really relationship.,Closed,Formify
29,2025-04-03 17:32:14,Error 500,My indeed deal information toward once. Task she herself. Wall fear hope.,Open,TrackMate
30,2025-01-06 05:30:37,Password reset not working,Section national owner determine detail job ahead. Protect something right subject try wonder. Agree hour north agree poor career left.,Open,CoolApp
31,2025-01-21 17:36:15,App keeps crashing,Deep force seven here sell story. Strong like see appear weight. Practice sit prepare senior wear.,Open,TrackMate
32,2025-03-05 03:41:23,Error 500,Charge call prove nor design record short cold.,Closed,Formify
33,2025-03-22 08:06:44,Error 500,Who blue agent find. However resource away real physical big.,Closed,Formify
34,2025-03-03 14:48:59,Data not syncing,Someone not American mouth. Attention positive actually information majority item. Player stock religious itself safe whole. Pattern try simple let stay.,Closed,CoolApp
35,2025-03-13 19:45:39,App keeps crashing,Store beautiful think during let. Property from management foot maintain great election evidence. Red everybody act way beat result major serve.,Closed,DataCloud
36,2025-03-18 19:33:25,Account locked,Society behavior develop reality fill ok list. Gas you nearly goal law fill discover. Firm sea week real course.,Open,Formify
37,2025-01-11 16:03:31,Payment issue,With modern executive beyond create dinner conference add. Call animal approach factor want point sell.,Closed,DataCloud
38,2025-01-07 19:05:49,Payment issue,Expect long future whole education technology box.,Closed,CoolApp
39,2025-03-05 09:38:19,Data not syncing,Officer rather charge specific. Be easy newspaper indicate other. Difficult mission late kind team wrong figure perform.,Closed,TrackMate
40,2025-01-25 01:45:52,Payment issue,Personal enough ball dream necessary. Able late order fact.,Open,TrackMate
41,2025-01-08 10:14:20,Can't log in,Author do enough social operation sound cup. Name positive training step.,Closed,Formify
42,2025-01-05 03:29:33,Can't log in,Organization station TV keep light. Record wall matter management ball.,Open,DataCloud
43,2025-02-15 23:48:16,Data not syncing,Page ago director purpose team onto. Yourself public especially. Several compare million.,Open,TrackMate
44,2025-04-09 07:12:11,App keeps crashing,Young job sport why. Girl four prove tax form really explain.,Open,Formify
45,2025-02-15 13:32:15,App keeps crashing,Lawyer fire follow. Ten stay ability thank left approach. Gun series personal service data near until.,Closed,TrackMate
46,2025-02-20 04:19:08,Payment issue,Ahead picture son report. Nearly need behavior yeah tree. Water positive child usually factor relate indeed.,Closed,TrackMate
47,2025-02-16 10:34:56,Data not syncing,Lead certain course out second. Tell everybody so increase. Environment able rise study oil process tend.,Closed,Formify
48,2025-02-22 05:43:07,Feature request,Forward several help usually thank wonder. Occur do simply analysis seat. History professional star wonder manager already.,Closed,TrackMate
49,2025-02-15 03:11:34,Data not syncing,Thank them key moment lead reveal. That wide avoid sit enter perhaps. Power system system teacher here first. Their along attention piece TV young section.,Open,DataCloud
50,2025-02-28 20:33:23,Password reset not working,Kitchen really tough animal. Fall hear certainly most.,Closed,Formify
51,2025-04-04 17:25:07,App keeps crashing,Company participant him raise. Tree central leave effect effort act source.,Open,CoolApp
52,2025-01-29 13:06:10,Account locked,Available war write federal. Real lead few yourself table blood. Occur offer yeah far within probably.,Open,TrackMate
53,2025-04-04 22:53:44,Feature request,Treat seat strategy. Simply discover soon despite couple. Question return process stuff pick.,Open,CoolApp
54,2025-02-03 23:29:27,Feature request,Small almost half capital travel.,Open,CoolApp
55,2025-03-12 03:19:04,Account locked,Customer skill theory hand. Tree store either station loss southern second. Sound life away senior difficult put.,Open,TrackMate
56,2025-02-01 15:41:38,Data not syncing,Hand so add Mr lawyer pull public. Herself police he push likely people wall foreign. Determine as statement travel few impact cause watch.,Closed,TrackMate
57,2025-01-11 07:59:20,Payment issue,Best thought career law. Industry score choice increase between majority impact. Allow have kitchen wear talk.,Closed,Formify
58,2025-01-23 11:00:52,Feature request,Top population art every why we station. Production politics others again. During call north attention share debate.,Closed,Formify
59,2025-02-03 16:08:00,Feature request,Similar small other everyone worker would. Economy company produce ago address so draw.,Open,Formify
60,2025-04-01 03:59:03,Account locked,Appear score moment second live. Message board mean war analysis situation.,Closed,Formify
61,2025-02-22 13:51:19,Can't log in,Leader who article look husband. Make travel available ball. Chance call person one Republican herself our far.,Closed,CoolApp
62,2025-03-13 10:18:19,Can't log in,Soldier boy pressure there. Result Democrat later direction fund law indeed. Fine fine effort well.,Closed,DataCloud
63,2025-02-02 11:52:20,App keeps crashing,Before be it season. Speech news only no form business. Them wait institution trouble anything explain.,Open,TrackMate
64,2025-03-05 19:28:44,Password reset not working,Medical choice lot suggest glass news boy. Off southern suddenly window stand.,Open,TrackMate
65,2025-04-12 01:38:18,Data not syncing,Participant price really. Congress reflect finally. Go consider century price attorney scientist.,Closed,CoolApp
66,2025-01-09 11:37:38,Password reset not working,Democrat information game have return since nothing. Third choose senior anyone.,Closed,CoolApp
67,2025-02-14 18:54:53,Can't log in,Magazine kind event sense box involve. Question or money final determine. Area daughter war should share face build market.,Closed,CoolApp
68,2025-02-02 13:23:57,App keeps crashing,Mouth discover next property government however. Job least back.,Closed,TrackMate
69,2025-02-25 04:23:22,Payment issue,Identify policy face if whom commercial way. Story turn because such during open model. That second develop single baby plan.,Closed,Formify
70,2025-03-22 09:01:43,Feature request,Go when population challenge bill eight. Own set pretty concern.,Closed,CoolApp
71,2025-02-22 17:38:28,Payment issue,Senior service large under north play person. Firm key light place someone option goal avoid. Later arm story baby ten talk past.,Open,Formify
72,2025-02-15 16:47:48,Data not syncing,Never social time last special prepare focus little. Whatever late specific study. Mean common easy just.,Closed,Formify
73,2025-03-03 21:13:22,Data not syncing,City health executive impact full our smile positive. Form newspaper hit edge. Their four old center glass whose recognize hot.,Closed,Formify
74,2025-03-21 16:19:33,Payment issue,Next poor foreign campaign reflect. Behavior provide meet adult final week game.,Open,TrackMate
75,2025-01-17 20:58:08,Can't log in,Yourself choice fast small medical. Strong this also from short capital heavy.,Closed,CoolApp
76,2025-04-01 21:47:45,Account locked,Return analysis hair rest. Particular sell six doctor dream whole. Tough create question now key show sing. Month whom stage soon catch economic political.,Open,Formify
77,2025-02-08 21:24:28,Payment issue,Represent middle by base. Evening town challenge join. Stage this us increase how.,Open,CoolApp
78,2025-02-24 21:19:03,Payment issue,Heart agreement us stuff. Social case expert stop receive catch. Large accept bad eight strong nature road.,Open,CoolApp
79,2025-02-23 14:22:40,Feature request,Down business draw police performance. Book toward others administration.,Closed,TrackMate
80,2025-02-24 17:02:39,Can't log in,Fact ability good number. Professor beat window attack.,Closed,Formify
81,2025-04-13 00:07:28,Account locked,Never hospital like player wonder effect administration. General run pick sign. Card good full poor store range.,Closed,TrackMate
82,2025-03-25 03:09:31,Account locked,Consider care respond want already cut social though. Value middle writer myself education send. Experience television answer pretty event.,Open,Formify
83,2025-02-14 07:35:08,Payment issue,Sea thus hit wind many marriage. Entire bar interesting issue yet Congress family. Bag produce fill owner.,Closed,DataCloud
84,2025-01-04 14:51:29,Password reset not working,Language risk treatment past itself police. Avoid point guy song. Well central parent sit.,Open,CoolApp
85,2025-01-26 23:01:50,Can't log in,Sing hand him note painting. We head several off morning huge power.,Closed,CoolApp
86,2025-01-21 19:38:42,App keeps crashing,Save material hit. Brother simple region Democrat partner really your.,Closed,DataCloud
87,2025-03-15 19:04:16,Payment issue,Later together knowledge because. Property remember nearly face feel church.,Closed,CoolApp
88,2025-03-16 13:27:58,Feature request,Meeting building cut catch so ago. Occur level work candidate this assume huge.,Open,TrackMate
89,2025-04-08 05:06:20,Password reset not working,Improve important offer by first avoid letter. General there sister policy consider whom item. Story million fight class.,Closed,DataCloud
90,2025-04-08 22:15:03,Can't log in,Way million exist bad cultural what. By field move maybe collection.,Closed,DataCloud
91,2025-03-01 12:03:16,App keeps crashing,Probably result painting successful. American tell ball we side enough decision.,Closed,TrackMate
92,2025-04-12 10:32:01,Data not syncing,Marriage phone face. Lot source rate father authority. Citizen indeed less future. Fine responsibility safe team.,Open,CoolApp
93,2025-01-26 19:40:57,Payment issue,Middle blood drop business last cell. Face his past.,Open,TrackMate
94,2025-03-02 16:01:36,Account locked,Value return couple city you level. Market bed hotel lead drive.,Open,DataCloud
95,2025-03-11 22:36:41,Password reset not working,Example our successful.,Open,CoolApp
96,2025-01-08 15:32:06,App keeps crashing,Account blue care enough hand idea and. Now crime network.,Closed,DataCloud
97,2025-02-17 12:38:36,Can't log in,Share evidence writer quite budget window hour. Newspaper hand certain own husband American. Case four listen.,Open,TrackMate
98,2025-03-12 19:05:39,Data not syncing,Cause use five hotel pattern successful order. Stock mother remember feel staff happy purpose. On someone rise read ago listen. Officer return on color pick people subject challenge.,Open,Formify
99,2025-03-22 14:19:51,Error 500,Way body affect finish charge real improve.,Closed,CoolApp
100,2025-04-12 04:23:05,App keeps crashing,Relationship million night your. Moment finish community treatment garden great sign. Particular court east newspaper different.,Closed,TrackMate
